{"cameraMode":{"drawMode":0,"name":"Shaded","section":"Shading Mode"},"sceneLighting":false,"audioPlay":false,"sceneViewState":{"m_AlwaysRefresh":false,"showFog":true,"showSkybox":false,"showFlares":true,"showImageEffects":true,"showParticleSystems":true,"showVisualEffectGraphs":true,"m_FxEnabled":true},"in2DMode":false,"pivot":{"x":0.08584797382354737,"y":0.3428371548652649,"z":0.8811168670654297},"rotation":{"x":0.18513402342796327,"y":-0.03359933942556381,"z":0.006378530990332365,"w":0.9821813702583313},"size":0.8720161318778992,"orthographic":false}