{"cameraMode":{"drawMode":0,"name":"Shaded","section":"Shading Mode"},"sceneLighting":true,"audioPlay":false,"sceneViewState":{"m_AlwaysRefresh":false,"showFog":true,"showSkybox":true,"showFlares":true,"showImageEffects":true,"showParticleSystems":true,"showVisualEffectGraphs":true,"m_FxEnabled":true},"in2DMode":false,"pivot":{"x":628.7260131835938,"y":225.2339630126953,"z":2.95880126953125},"rotation":{"x":0.038390595465898517,"y":0.0011991920182481409,"z":-0.000046073837438598275,"w":0.999263346195221},"size":322.6695556640625,"orthographic":false}