{"cameraMode":{"drawMode":0,"name":"Shaded","section":"Shading Mode"},"sceneLighting":false,"audioPlay":false,"sceneViewState":{"m_AlwaysRefresh":false,"showFog":true,"showSkybox":false,"showFlares":true,"showImageEffects":true,"showParticleSystems":true,"showVisualEffectGraphs":true,"m_FxEnabled":true},"in2DMode":false,"pivot":{"x":-0.016254354268312455,"y":0.15991726517677308,"z":0.601044774055481},"rotation":{"x":0.30851536989212038,"y":0.03768189996480942,"z":-0.012195723131299019,"w":0.9506728649139404},"size":0.304941862821579,"orthographic":false}